Company,Position,Deadline,Apply link,Keywords
Energy Environmental Economics (E3),Full and Part-Time Opportunities,No Deadline,http://www.ethree.com/careers/,"Consulting, Economics, Multiple Opportunities"
"Pika Energy, a subsidiary of Generac Power Systems",Full and Part-Time Opportunities,No Deadline,https://generacta.avature.net/careers,"Energy Storage, Buildings"
VECARIUS,Full and Part-Time Opportunities,No Deadline,https://www.vecarius.com/contact%20us.html,"Mobile Heat Recovery, Energy Harvesting, SolidWorks"
Avangrid,Full and Part-Time Opportunities,No Deadline,https://www.careers.iberdrola.com/?locale=en_US,"DER, Analyst, Generation"
ClearPath,Full and Part-Time Opportunities,No Deadline,https://clearpath.org/careers/,"Policy, Carbon Capture"
sPower,Full and Part-Time Opportunities,No Deadline,https://www.spower.com/careers/,"Land, Development, Legal, Permitting"
ARPA-E,Full and Part-Time Opportunities,No Deadline,https://arpa-e.energy.gov/?q=jobs,"Government, Fusion Commercialization"
Schneider Electric,Full and Part-Time Opportunities,No Deadline,https://www.se.com/ww/en/,Engineering
Candela Renewables,Full and Part-Time Opportunities,No Deadline,https://www.candelarenewables.com/jobs,"Project Development, Renewables"
New Ecology,Full and Part-Time Opportunities,No Deadline,https://www.newecology.org/category/jobs/,"Engineering, Ecology"
Green Giraffe,Full and Part-Time Opportunities,No Deadline,https://green-giraffe.eu/corporate/we-are-hiring-green-giraffe,"Finance, Analysis"
International Council on Clean Transportation (ICCT),Full and Part-Time Opportunities,No Deadline,https://job.ceaconsulting.com/,"Transportation, Clean Energy"
Lincoln Laboratory,Full and Part-Time Opportunities ,No Deadline,https://www.ll.mit.edu/careers,"Analytics, Systems Engineering"
Doosan GridTech  ,Full and Part-Time Positions,No Deadline,http://www.doosangridtech.com/careers/job/,Grid
Carbon Lighthouse,Full and Part-Time Positions,No Deadline,https://careers-carbonlighthouse.icims.com/jobs/search?bga=true&hashed=-626001194&height=500&jan1offset=-300&jun1offset=-240&mobile=false&needsRedirect=false&width=1140,"Engineering, Data, Carbon Neutrality"
National Grid,Full and Part-Time Positions,No Deadline,https://careers.nationalgridus.com/,"Analytics, Power, Utilities"
AES,Full and Part-Time Positions,No Deadline,https://aes.wd1.myworkdayjobs.com/en-US/AES_US,"Energy Storage, Sales, Market"
SparkFund,Full and Part-Time Positions,No Deadline,https://www.sparkfund.com/careers/,"Energy Storage, Sales, Market"
Solstice,Full and Part-Time Positions,No Deadline,https://solstice.us/careers/,"Clean Energy, MIT, Startup, Full-Time + Fellowships"
